{"cameraMode":{"drawMode":0,"name":"Shaded","section":"Shading Mode"},"sceneLighting":false,"audioPlay":false,"sceneViewState":{"showFog":true,"showMaterialUpdate":false,"showSkybox":false,"showFlares":true,"showImageEffects":true,"showParticleSystems":true},"in2DMode":false,"pivot":{"x":-388.27984619140627,"y":4.340126037597656,"z":2.236970901489258},"rotation":{"x":-0.07375004142522812,"y":0.9212663769721985,"z":-0.21552322804927827,"w":-0.3152473270893097},"size":104.27742004394531,"orthographic":false}