{"cameraMode":{"drawMode":0,"name":"Shaded","section":"Shading Mode"},"sceneLighting":false,"audioPlay":false,"sceneViewState":{"showFog":true,"showMaterialUpdate":false,"showSkybox":false,"showFlares":true,"showImageEffects":true,"showParticleSystems":true},"in2DMode":false,"pivot":{"x":-5.960464477539063e-8,"y":0.03631925210356712,"z":0.0},"rotation":{"x":-0.07375004142522812,"y":0.9212663769721985,"z":-0.21552322804927827,"w":-0.3152473270893097},"size":2.340907573699951,"orthographic":false}