{"cameraMode":{"drawMode":0,"name":"Shaded","section":"Shading Mode"},"sceneLighting":false,"audioPlay":false,"sceneViewState":{"showFog":true,"showMaterialUpdate":false,"showSkybox":false,"showFlares":true,"showImageEffects":true,"showParticleSystems":true},"in2DMode":false,"pivot":{"x":-583.1848754882813,"y":67.17928314208985,"z":48.2609977722168},"rotation":{"x":-0.07375004142522812,"y":0.9212663769721985,"z":-0.21552322804927827,"w":-0.3152473270893097},"size":96.55107879638672,"orthographic":false}