{"cameraMode":{"drawMode":0,"name":"Shaded","section":"Shading Mode"},"sceneLighting":false,"audioPlay":false,"sceneViewState":{"showFog":true,"showMaterialUpdate":false,"showSkybox":false,"showFlares":true,"showImageEffects":true,"showParticleSystems":true},"in2DMode":false,"pivot":{"x":25.88699722290039,"y":2.860995054244995,"z":16.54786491394043},"rotation":{"x":0.06615407764911652,"y":0.8576092720031738,"z":-0.4970991313457489,"w":0.11412810534238816},"size":78.84881591796875,"orthographic":false}