{"cameraMode":{"drawMode":0,"name":"Shaded","section":"Shading Mode"},"sceneLighting":false,"audioPlay":false,"sceneViewState":{"showFog":true,"showMaterialUpdate":false,"showSkybox":false,"showFlares":true,"showImageEffects":true,"showParticleSystems":true},"in2DMode":false,"pivot":{"x":-301.8426513671875,"y":17.461956024169923,"z":1.0538606643676758},"rotation":{"x":-0.07375004142522812,"y":0.9212663769721985,"z":-0.21552322804927827,"w":-0.3152473270893097},"size":547.101806640625,"orthographic":false}