{"cameraMode":{"drawMode":0,"name":"Shaded","section":"Shading Mode"},"sceneLighting":false,"audioPlay":false,"sceneViewState":{"showFog":true,"showMaterialUpdate":false,"showSkybox":false,"showFlares":true,"showImageEffects":true,"showParticleSystems":true},"in2DMode":false,"pivot":{"x":-0.05396068096160889,"y":-0.26926201581954958,"z":2.936098098754883},"rotation":{"x":0.0010957069462165237,"y":0.9984182119369507,"z":0.020969903096556665,"w":-0.052168723195791247},"size":10.088391304016114,"orthographic":true}