{"cameraMode":{"drawMode":0,"name":"Shaded","section":"Shading Mode"},"sceneLighting":false,"audioPlay":false,"sceneViewState":{"showFog":true,"showMaterialUpdate":false,"showSkybox":false,"showFlares":true,"showImageEffects":true,"showParticleSystems":true},"in2DMode":false,"pivot":{"x":-240.28875732421876,"y":6.961965560913086,"z":0.9360694885253906},"rotation":{"x":-0.07375004142522812,"y":0.9212663769721985,"z":-0.21552322804927827,"w":-0.3152473270893097},"size":226.55191040039063,"orthographic":false}